original_id,consecutive_id
1,0
2,1
3,2
4,3
5,4
6,5
7,6
8,7
9,8
10,9
11,10
12,11
13,12
14,13
15,14
16,15
17,16
18,17
19,18
20,19
21,20
22,21
23,22
24,23
25,24
26,25
27,26
28,27
29,28
30,29
31,30
32,31
33,32
34,33
35,34
36,35
37,36
38,37
39,38
40,39
41,40
42,41
43,42
44,43
45,44
46,45
47,46
48,47
49,48
50,49
51,50
52,51
53,52
54,53
55,54
56,55
57,56
58,57
59,58
60,59
61,60
62,61
63,62
64,63
65,64
66,65
67,66
68,67
69,68
70,69
71,70
72,71
73,72
74,73
75,74
76,75
77,76
78,77
79,78
80,79
81,80
82,81
83,82
84,83
85,84
86,85
87,86
88,87
89,88
90,89
91,90
92,91
93,92
94,93
95,94
96,95
97,96
98,97
99,98
100,99
101,100
102,101
103,102
104,103
105,104
106,105
107,106
108,107
109,108
110,109
111,110
112,111
113,112
114,113
115,114
116,115
117,116
118,117
119,118
120,119
121,120
122,121
123,122
124,123
125,124
126,125
127,126
128,127
129,128
130,129
131,130
132,131
133,132
134,133
135,134
136,135
137,136
138,137
139,138
140,139
141,140
142,141
143,142
144,143
145,144
146,145
147,146
148,147
149,148
150,149
151,150
152,151
153,152
154,153
155,154
156,155
157,156
158,157
159,158
160,159
161,160
162,161
163,162
164,163
165,164
166,165
167,166
168,167
169,168
170,169
171,170
172,171
173,172
174,173
175,174
176,175
177,176
178,177
179,178
180,179
181,180
182,181
183,182
184,183
185,184
186,185
187,186
188,187
189,188
190,189
191,190
192,191
193,192
194,193
195,194
196,195
197,196
198,197
201,198
202,199
203,200
205,201
206,202
207,203
208,204
209,205
210,206
211,207
212,208
213,209
214,210
215,211
216,212
217,213
218,214
219,215
220,216
221,217
222,218
223,219
224,220
225,221
226,222
227,223
228,224
229,225
230,226
231,227
232,228
233,229
234,230
235,231
236,232
237,233
238,234
239,235
240,236
241,237
242,238
243,239
244,240
245,241
246,242
247,243
248,244
249,245
250,246
251,247
252,248
253,249
254,250
255,251
256,252
257,253
258,254
259,255
260,256
261,257
262,258
263,259
264,260
265,261
266,262
267,263
268,264
269,265
270,266
271,267
272,268
273,269
274,270
275,271
276,272
277,273
278,274
279,275
280,276
281,277
282,278
283,279
284,280
285,281
286,282
287,283
288,284
289,285
290,286
291,287
292,288
293,289
294,290
295,291
296,292
297,293
298,294
299,295
300,296
301,297
302,298
303,299
304,300
305,301
306,302
307,303
308,304
309,305
310,306
311,307
312,308
313,309
314,310
315,311
316,312
317,313
318,314
319,315
320,316
321,317
322,318
323,319
324,320
325,321
326,322
327,323
328,324
329,325
330,326
331,327
332,328
333,329
334,330
335,331
336,332
337,333
338,334
339,335
340,336
341,337
342,338
343,339
344,340
345,341
349,342
350,343
352,344
353,345
354,346
355,347
356,348
357,349
358,350
359,351
360,352
361,353
362,354
363,355
364,356
365,357
366,358
367,359
368,360
370,361
371,362
372,363
373,364
374,365
375,366
376,367
377,368
378,369
379,370
380,371
381,372
382,373
383,374
384,375
385,376
386,377
387,378
388,379
389,380
390,381
391,382
392,383
393,384
394,385
395,386
396,387
397,388
398,389
399,390
400,391
401,392
402,393
403,394
404,395
405,396
406,397
407,398
408,399
409,400
410,401
411,402
412,403
413,404
414,405
415,406
416,407
417,408
418,409
419,410
420,411
421,412
422,413
423,414
424,415
425,416
426,417
427,418
428,419
429,420
430,421
431,422
432,423
433,424
434,425
435,426
436,427
437,428
438,429
439,430
442,431
443,432
444,433
445,434
446,435
447,436
448,437
449,438
450,439
451,440
452,441
453,442
454,443
455,444
456,445
457,446
458,447
459,448
460,449
461,450
462,451
463,452
464,453
465,454
466,455
467,456
468,457
469,458
470,459
471,460
472,461
473,462
474,463
475,464
476,465
477,466
478,467
479,468
480,469
481,470
482,471
483,472
484,473
485,474
486,475
487,476
488,477
489,478
490,479
491,480
492,481
493,482
494,483
495,484
496,485
497,486
502,487
503,488
504,489
505,490
506,491
507,492
508,493
509,494
510,495
511,496
512,497
513,498
514,499
515,500
516,501
517,502
518,503
519,504
520,505
521,506
522,507
523,508
524,509
525,510
526,511
527,512
528,513
529,514
530,515
531,516
532,517
533,518
534,519
535,520
536,521
537,522
538,523
539,524
540,525
541,526
542,527
543,528
544,529
545,530
546,531
547,532
548,533
549,534
550,535
551,536
552,537
553,538
554,539
555,540
556,541
557,542
558,543
559,544
560,545
561,546
562,547
563,548
564,549
565,550
566,551
567,552
568,553
569,554
570,555
571,556
572,557
573,558
574,559
575,560
576,561
577,562
579,563
581,564
582,565
583,566
584,567
585,568
586,569
587,570
588,571
589,572
590,573
591,574
592,575
593,576
594,577
595,578
596,579
597,580
598,581
599,582
600,583
601,584
602,585
603,586
604,587
605,588
606,589
607,590
608,591
609,592
610,593
611,594
612,595
613,596
614,597
615,598
616,599
617,600
618,601
619,602
620,603
621,604
622,605
623,606
624,607
625,608
626,609
627,610
628,611
629,612
630,613
640,614
641,615
642,616
643,617
644,618
645,619
646,620
647,621
648,622
649,623
650,624
651,625
652,626
653,627
654,628
655,629
656,630
657,631
658,632
659,633
660,634
661,635
662,636
663,637
664,638
665,639
666,640
667,641
668,642
669,643
670,644
671,645
672,646
673,647
674,648
675,649
676,650
677,651
678,652
679,653
680,654
681,655
682,656
683,657
684,658
685,659
686,660
687,661
688,662
689,663
690,664
691,665
692,666
693,667
694,668
695,669
696,670
697,671
698,672
699,673
700,674
701,675
702,676
703,677
704,678
705,679
706,680
707,681
708,682
709,683
710,684
711,685
712,686
713,687
714,688
715,689
716,690
717,691
718,692
719,693
720,694
721,695
722,696
723,697
724,698
725,699
726,700
727,701
728,702
729,703
730,704
731,705
732,706
733,707
734,708
735,709
736,710
737,711
738,712
739,713
740,714
741,715
742,716
743,717
744,718
745,719
746,720
747,721
748,722
749,723
750,724
751,725
752,726
753,727
754,728
755,729
756,730
757,731
758,732
759,733
760,734
761,735
764,736
765,737
766,738
767,739
768,740
769,741
770,742
771,743
772,744
773,745
774,746
775,747
776,748
777,749
778,750
779,751
780,752
781,753
782,754
783,755
784,756
785,757
786,758
787,759
788,760
789,761
790,762
791,763
792,764
793,765
794,766
795,767
796,768
797,769
798,770
799,771
800,772
801,773
802,774
803,775
804,776
805,777
806,778
807,779
808,780
809,781
810,782
811,783
812,784
813,785
814,786
815,787
816,788
817,789
818,790
819,791
820,792
821,793
822,794
823,795
824,796
825,797
826,798
827,799
828,800
829,801
830,802
831,803
832,804
833,805
834,806
835,807
836,808
837,809
838,810
839,811
840,812
841,813
842,814
843,815
844,816
845,817
846,818
847,819
848,820
849,821
850,822
851,823
852,824
853,825
854,826
855,827
856,828
857,829
858,830
859,831
860,832
861,833
862,834
863,835
864,836
865,837
866,838
867,839
868,840
869,841
870,842
871,843
872,844
873,845
874,846
875,847
876,848
877,849
878,850
879,851
880,852
881,853
882,854
883,855
884,856
885,857
886,858
887,859
888,860
889,861
890,862
891,863
892,864
893,865
895,866
896,867
897,868
898,869
899,870
901,871
902,872
904,873
905,874
906,875
907,876
908,877
909,878
910,879
911,880
912,881
913,882
914,883
915,884
916,885
917,886
918,887
919,888
920,889
921,890
922,891
923,892
924,893
925,894
926,895
927,896
928,897
929,898
930,899
931,900
932,901
933,902
934,903
935,904
936,905
937,906
940,907
941,908
942,909
943,910
944,911
945,912
946,913
947,914
948,915
949,916
950,917
951,918
952,919
953,920
954,921
955,922
956,923
957,924
958,925
959,926
960,927
961,928
962,929
963,930
964,931
965,932
966,933
967,934
968,935
969,936
970,937
971,938
972,939
973,940
974,941
975,942
976,943
977,944
978,945
979,946
980,947
981,948
982,949
983,950
984,951
985,952
986,953
987,954
988,955
989,956
990,957
991,958
992,959
993,960
994,961
995,962
996,963
997,964
998,965
999,966
1000,967
1001,968
1002,969
1003,970
1004,971
1005,972
1006,973
1007,974
1008,975
1009,976
1010,977
1011,978
1012,979
1013,980
1014,981
1015,982
1016,983
1017,984
1018,985
1019,986
1020,987
1021,988
1022,989
1023,990
1024,991
1025,992
1026,993
1027,994
1028,995
1029,996
1030,997
1031,998
1032,999
1033,1000
1034,1001
1035,1002
1036,1003
1037,1004
1038,1005
1039,1006
1040,1007
1041,1008
1042,1009
1043,1010
1044,1011
1045,1012
1046,1013
1047,1014
1048,1015
1049,1016
1050,1017
1051,1018
1052,1019
1053,1020
1054,1021
1055,1022
1056,1023
1057,1024
1058,1025
1059,1026
1060,1027
1061,1028
1062,1029
1063,1030
1064,1031
1065,1032
1066,1033
1067,1034
1068,1035
1069,1036
1070,1037
1071,1038
1073,1039
1074,1040
1075,1041
1076,1042
1077,1043
1078,1044
1079,1045
1080,1046
1081,1047
1082,1048
1083,1049
1084,1050
1085,1051
1086,1052
1087,1053
1088,1054
1089,1055
1090,1056
1091,1057
1092,1058
1093,1059
1094,1060
1095,1061
1096,1062
1097,1063
1098,1064
1099,1065
1100,1066
1101,1067
1102,1068
1103,1069
1104,1070
1105,1071
1106,1072
1107,1073
1108,1074
1109,1075
1110,1076
1111,1077
1112,1078
1113,1079
1114,1080
1115,1081
1116,1082
1117,1083
1118,1084
1119,1085
1120,1086
1121,1087
1122,1088
1123,1089
1124,1090
1125,1091
1126,1092
1127,1093
1128,1094
1131,1095
1132,1096
1133,1097
1134,1098
1135,1099
1136,1100
1137,1101
1138,1102
1144,1103
1148,1104
1149,1105
1150,1106
1151,1107
1152,1108
1153,1109
1154,1110
1155,1111
1156,1112
1157,1113
1158,1114
1159,1115
1160,1116
1161,1117
1162,1118
1163,1119
1165,1120
1166,1121
1167,1122
1168,1123
1169,1124
1170,1125
1171,1126
1172,1127
1173,1128
1174,1129
1175,1130
1176,1131
1177,1132
1183,1133
1184,1134
1185,1135
1186,1136
1189,1137
1190,1138
1191,1139
1192,1140
1193,1141
1194,1142
1195,1143
1196,1144
1197,1145
1199,1146
1200,1147
1201,1148
1206,1149
1207,1150
1208,1151
1209,1152
1210,1153
1211,1154
1212,1155
1213,1156
1214,1157
1215,1158
1216,1159
1217,1160
1218,1161
1219,1162
1220,1163
1221,1164
1222,1165
1223,1166
1224,1167
1225,1168
1226,1169
1227,1170
1228,1171
1229,1172
1230,1173
1231,1174
1232,1175
1233,1176
1234,1177
1235,1178
1236,1179
1237,1180
1238,1181
1239,1182
1240,1183
1241,1184
1242,1185
1243,1186
1244,1187
1245,1188
1246,1189
1247,1190
1249,1191
1250,1192
1251,1193
1257,1194
1258,1195
1259,1196
1260,1197
1261,1198
1262,1199
1263,1200
1264,1201
1265,1202
1266,1203
1267,1204
1268,1205
1269,1206
1270,1207
1271,1208
1272,1209
1273,1210
1274,1211
1275,1212
1276,1213
1277,1214
1278,1215
1281,1216
1282,1217
1283,1218
1284,1219
1285,1220
1286,1221
1287,1222
1288,1223
1289,1224
1290,1225
1291,1226
1292,1227
1293,1228
1294,1229
1295,1230
1296,1231
1297,1232
1298,1233
1299,1234
1300,1235
1301,1236
1302,1237
1303,1238
1304,1239
1305,1240
1306,1241
1307,1242
1308,1243
1309,1244
1310,1245
1311,1246
1312,1247
1313,1248
1314,1249
1315,1250
1316,1251
1317,1252
1318,1253
1319,1254
1320,1255
1321,1256
1322,1257
1323,1258
1324,1259
1325,1260
1326,1261
1327,1262
1328,1263
1329,1264
1339,1265
1344,1266
1345,1267
1346,1268
1347,1269
1348,1270
1349,1271
1351,1272
1352,1273
1353,1274
1354,1275
1355,1276
1356,1277
1357,1278
1358,1279
1360,1280
1361,1281
1362,1282
1363,1283
1364,1284
1365,1285
1366,1286
1367,1287
1368,1288
1369,1289
1370,1290
1371,1291
1372,1292
1373,1293
1374,1294
1375,1295
1376,1296
1377,1297
1378,1298
1379,1299
1380,1300
1381,1301
1382,1302
1383,1303
1384,1304
1385,1305
1386,1306
1387,1307
1388,1308
1389,1309
1390,1310
1391,1311
1392,1312
1393,1313
1394,1314
1395,1315
1396,1316
1397,1317
1398,1318
1399,1319
1400,1320
1412,1321
1413,1322
1414,1323
1415,1324
1416,1325
1417,1326
1418,1327
1419,1328
1420,1329
1421,1330
1425,1331
1426,1332
1427,1333
1428,1334
1429,1335
1430,1336
1431,1337
1432,1338
1433,1339
1434,1340
1435,1341
1436,1342
1437,1343
1438,1344
1439,1345
1440,1346
1441,1347
1442,1348
1443,1349
1444,1350
1445,1351
1446,1352
1447,1353
1448,1354
1449,1355
1450,1356
1451,1357
1452,1358
1453,1359
1454,1360
1455,1361
1456,1362
1457,1363
1458,1364
1459,1365
1460,1366
1461,1367
1462,1368
1463,1369
1464,1370
1465,1371
1466,1372
1467,1373
1468,1374
1469,1375
1470,1376
1471,1377
1472,1378
1473,1379
1474,1380
1475,1381
1476,1382
1477,1383
1478,1384
1479,1385
1480,1386
1481,1387
1482,1388
1483,1389
1484,1390
1485,1391
1486,1392
1487,1393
1488,1394
1489,1395
1490,1396
1491,1397
1492,1398
1493,1399
1494,1400
1495,1401
1496,1402
1497,1403
1498,1404
1499,1405
1500,1406
1501,1407
1502,1408
1503,1409
1504,1410
1505,1411
1506,1412
1507,1413
1508,1414
1509,1415
1510,1416
1511,1417
1512,1418
1513,1419
1514,1420
1515,1421
1516,1422
1517,1423
1518,1424
1519,1425
1520,1426
1521,1427
1522,1428
1523,1429
1524,1430
1525,1431
1526,1432
1527,1433
1528,1434
1529,1435
1530,1436
1531,1437
1532,1438
1533,1439
1534,1440
1536,1441
1541,1442
1542,1443
1543,1444
1544,1445
1545,1446
1546,1447
1547,1448
1548,1449
1549,1450
1550,1451
1551,1452
1552,1453
1553,1454
1554,1455
1555,1456
1556,1457
1557,1458
1558,1459
1559,1460
1560,1461
1561,1462
1562,1463
1566,1464
1567,1465
1568,1466
1569,1467
1570,1468
1571,1469
1572,1470
1573,1471
1574,1472
1575,1473
1576,1474
1580,1475
1581,1476
1582,1477
1583,1478
1584,1479
1585,1480
1586,1481
1587,1482
1588,1483
1594,1484
1596,1485
1597,1486
1598,1487
1599,1488
1600,1489
1601,1490
1602,1491
1603,1492
1604,1493
1605,1494
1606,1495
1607,1496
1608,1497
1610,1498
1611,1499
1612,1500
1613,1501
1614,1502
1622,1503
1623,1504
1624,1505
1625,1506
1626,1507
1627,1508
1628,1509
1629,1510
1630,1511
1631,1512
1632,1513
1633,1514
1634,1515
1635,1516
1636,1517
1637,1518
1638,1519
1639,1520
1640,1521
1641,1522
1642,1523
1643,1524
1644,1525
1645,1526
1646,1527
1647,1528
1648,1529
1649,1530
1650,1531
1651,1532
1652,1533
1653,1534
1654,1535
1655,1536
1656,1537
1657,1538
1658,1539
1659,1540
1660,1541
1661,1542
1662,1543
1663,1544
1664,1545
1665,1546
1666,1547
1667,1548
1668,1549
1669,1550
1670,1551
1671,1552
1672,1553
1673,1554
1674,1555
1675,1556
1677,1557
1678,1558
1679,1559
1680,1560
1681,1561
1682,1562
1683,1563
1684,1564
1685,1565
1686,1566
1687,1567
1688,1568
1689,1569
1690,1570
1691,1571
1692,1572
1693,1573
1694,1574
1695,1575
1696,1576
1697,1577
1698,1578
1699,1579
1700,1580
1701,1581
1702,1582
1703,1583
1704,1584
1705,1585
1706,1586
1707,1587
1708,1588
1709,1589
1710,1590
1711,1591
1712,1592
1713,1593
1714,1594
1715,1595
1716,1596
1717,1597
1718,1598
1719,1599
1720,1600
1721,1601
1722,1602
1723,1603
1724,1604
1725,1605
1726,1606
1727,1607
1728,1608
1729,1609
1730,1610
1731,1611
1732,1612
1733,1613
1734,1614
1735,1615
1736,1616
1737,1617
1738,1618
1739,1619
1740,1620
1742,1621
1743,1622
1744,1623
1897,1624
1929,1625
2021,1626
2339,1627
3858,1628
3923,1629
4164,1630
4165,1631
4166,1632
4167,1633
4168,1634
4169,1635
4170,1636
4171,1637
4172,1638
4173,1639
4174,1640
4175,1641
4176,1642
4177,1643
4178,1644
4179,1645
4180,1646
4181,1647
4182,1648
4183,1649
4184,1650
4185,1651
4186,1652
4187,1653
4188,1654
4189,1655
4190,1656
4191,1657
4192,1658
4193,1659
4194,1660
4195,1661
4196,1662
4197,1663
4198,1664
4199,1665
4200,1666
4201,1667
4202,1668
4203,1669
4204,1670
4205,1671
4206,1672
4207,1673
4208,1674
4209,1675
4210,1676
4211,1677
4212,1678
4213,1679
4214,1680
4215,1681
4216,1682
4217,1683
4218,1684
4219,1685
4220,1686
4221,1687
4222,1688
4223,1689
4224,1690
4225,1691
4226,1692
4227,1693
4228,1694
4229,1695
4230,1696
4231,1697
4232,1698
4233,1699
4234,1700
4235,1701
4236,1702
4237,1703
4238,1704
4239,1705
4240,1706
4241,1707
4242,1708
4243,1709
4244,1710
4245,1711
4246,1712
4247,1713
4248,1714
4249,1715
4250,1716
4251,1717
4252,1718
4253,1719
4254,1720
4255,1721
4256,1722
4257,1723
4371,1724
4408,1725
4409,1726
4410,1727
4411,1728
4412,1729
4413,1730
4414,1731
4415,1732
4416,1733
4417,1734
4418,1735
4419,1736
4420,1737
4421,1738
4422,1739
4423,1740
4424,1741
4425,1742
4426,1743
4427,1744
4428,1745
4429,1746
4430,1747
4431,1748
4432,1749
4433,1750
4434,1751
4435,1752
4436,1753
4437,1754
4438,1755
4439,1756
4440,1757
4441,1758
4442,1759
4443,1760
4444,1761
4445,1762
4446,1763
4447,1764
4448,1765
4449,1766
4450,1767
4451,1768
4452,1769
4453,1770
